-0.23046631346020086	-0.2757668121974645	-0.10550201363442008	-0.22250233271114592	-0.27172669826270474	0.2618452697347939	0.7013166346855829	-0.09835249774605176	-0.04183092943236985	0.4290618094866515	-0.28381408013401355	-0.16426115659196522	0.24725400329391892	-0.059929449120098344	0.6770856389828716	-0.11134008195756209	-0.16695510372344238	-0.2841158872123793
0.12842288040332495	0.252097070909987	-0.123537696159974	0.07782075717677331	0.29275218605782294	-0.1490138829703608	-0.32515404112253005	-0.11536529244332873	-0.07412614164270408	-0.17663344901715622	0.3007535514402471	0.06180107359616029	-0.14171631721189745	-0.11637005781384842	-0.22506693246532072	-0.11623233855110235	0.09351628727833824	0.35605234253556856
-0.19580000675965678	-0.19274570144461847	-0.08848613633163462	-0.16953210394934812	-0.1818725606895145	0.3243327643327935	0.3864184196451454	-0.08239768302611525	-0.05712131565346189	0.3615465738114177	-0.22880857897577725	-0.14193496054569593	0.38719887881156806	-0.07787527884048345	0.40629301180593347	-0.09186205483211886	-0.14957008857784515	-0.20778317878058772
-0.1086328995460383	-0.14302994481583794	0.44981436023670335	-0.14631840356332992	-0.139946658009329	-0.14373807744228015	-0.12534385085768213	0.4661326324896649	-0.14310872160572854	-0.1317077705270921	-0.15462216374944168	-0.0849890917735124	-0.16905784250377692	0.4561790252761703	-0.15329237434256185	0.45247494170001507	-0.024756808281525176	-0.15605635268441806
-0.21242005764733346	-0.20696842715415728	-0.04891085982375301	-0.18359182409461444	-0.19306524979604459	0.35315079867002525	0.39787087542605704	-0.05638477064211284	-0.0626493349740801	0.43799249969717224	-0.24776503342978312	-0.1520834038732138	0.32242949380031205	-0.06298068028568436	0.35767589944645634	-0.0526366122690787	-0.16135413055805317	-0.22830918249211382
-0.011570869716226803	-0.25098633457578823	0.3100240234014828	-0.006950480720169822	-0.17473889262664538	-0.08010212324676695	-0.012094407914575557	0.2365687962950741	-0.0245576581334349	-0.06460698540040709	-0.15499238198335918	-0.014938976694048436	-0.05220914891840163	0.27829498032974975	-0.04598730681896701	0.2857191340006981	-0.04211347744958937	-0.1747578898286248
-0.059464231683886024	0.36468647153399575	-0.1364838718511402	-0.04742764310936732	0.5216339512024222	-0.16489596193848016	-0.19446346647868218	-0.13017500835973708	-0.10204971249861547	-0.16921443790844726	0.38435655014850245	-0.05899903832211987	-0.16982115987592386	-0.13172490196500844	-0.18016068762581797	-0.1364991929156916	-0.08139457789775671	0.4920969195457536
-0.2049508564460484	-0.2928494684245927	0.012582909243259206	-0.205933223679451	-0.2723565198310756	0.3318753411722176	0.2965381893250997	-0.016824525780124656	0.0566852880534809	0.3686271671310991	-0.218239253158847	-0.09735691034068879	0.36641659496950657	-0.013603005501970838	0.30485897637154846	-0.006374609824243363	-0.15522642047299803	-0.2538696728061725
0.054524095955184135	0.27915497416328067	-0.1298306515456953	0.025743809748237877	0.2784398692478824	-0.17954650186581342	-0.20997998930580333	-0.12145307441704456	-0.09165136789916424	-0.20305555310077172	0.35664077476380485	-0.012169298407222792	-0.18786715063704243	-0.15717962811102157	-0.22517493980703482	-0.12314400383611661	-0.00429273675813197	0.6508413718124726
0.0645234956100473	0.24367552457062414	-0.06922181152392982	0.01743584238851895	0.2435656750198152	-0.16321488010109333	-0.1375378379999375	-0.0735450476389649	-0.05011226512041743	-0.1777535342445712	0.2664603617520582	0.019230661526925322	-0.159704767348318	-0.06281482673044708	-0.18380943963059176	-0.06820599419815894	0.016321989619964134	0.2747068540484772
-0.05815785142966893	0.23098272521964633	-0.09313860441441835	-0.030250426859667404	0.2680382552335954	-0.08435564808059295	-0.07955381862563908	-0.09632387831485231	-0.09294642414858205	-0.08149709963992659	0.34644677896056436	-0.06517624276824537	-0.07779550908666114	-0.09847312543216152	-0.09033505890858087	-0.09910232827692561	-0.04470247900982147	0.24634073558193792
-0.08924675875453186	-0.10817588565213765	-0.02525325004159393	-0.0682440112618693	-0.10743316019734364	0.13441393911008043	0.27338969036213884	-0.02497953521314947	0.027808687485952804	0.17092094179960285	-0.12316228637433213	-0.05240770961335027	0.11644217662345893	-0.027939149401150776	0.1647045195525525	-0.02759511011774027	-0.07615759469192951	-0.15708550361465773
-0.04666393233366983	0.4190365822850392	-0.09517933083425954	-0.04440135752416613	0.45901560490350685	-0.19649059722641857	-0.3087200754669892	-0.09229653343821771	-0.0730215998772237	-0.16606898901000958	0.2801094369548664	-0.038873142619154755	-0.17712083905675555	-0.08980471449277419	-0.15607084790947867	-0.09257315814129105	-0.039159262128887325	0.45828275591588435
0.12973991003515495	0.19021410291475066	-0.06065433517664542	0.08654751169315612	0.12790444933427653	-0.13493913492720094	-0.19438795795527117	-0.062318653519597894	-0.012399926336281744	-0.18309438342028814	0.21055492551224386	0.047794258823920736	-0.1585721167484726	-0.05395732147141725	-0.15604384761079745	-0.05112214390437216	0.056880507602704855	0.21785415515413747
0.18024965274454352	0.6242116976681494	-0.03804081524691911	0.17859482042573108	0.33670890509286355	-0.5090827363069698	-0.6317882428585341	-0.04169080641955389	0.04270408860386141	-0.6253456948992276	0.4212504582049306	0.14592371656338785	-0.44598669534529917	-0.04807345181182154	-0.7556991158875723	-0.006469940347562465	0.16395574915468128	1.008578410665311
0.012093626137815804	0.3143794336340238	-0.08706271480317379	-0.005584319414751772	0.28241769441681364	-0.16706344398523548	-0.14925942511174034	-0.0905316042290044	-0.0548276904772458	-0.16118408619334407	0.2749309938342589	-0.022015776173756996	-0.13796840619555134	-0.1052148594505615	-0.1478171081473565	-0.07751432612894073	-0.01637631841090999	0.3385983306986606
0.17206366023356293	0.4737143774561606	-0.10578248879205217	0.07434971025069502	0.2809461317916638	-0.1391967280722699	-0.17090588608987378	-0.14267555868791573	-0.029467763362692547	-0.15120254526229052	0.0727070431829722	0.0492291486959223	-0.12820977703080685	-0.1769097804858631	-0.1299254443228797	-0.08743158552150863	0.09112806396142895	0.047569422055746845
-0.10072633090085875	-0.06903977894038558	-0.014864109096364863	-0.09363665943856514	-0.0706056873016741	-0.04953083619943667	-0.028283034807521347	-0.007254234148951638	0.8997949178559039	-0.05518777630863141	-0.07160500402886608	-0.06250253677504265	-0.050523347121679794	-0.0031011341867902297	-0.05056890901289037	-0.01735166754155319	-0.07066135167340402	-0.08435252037328894
0.10501218208853931	0.3289607671583283	-0.04535115193618057	0.037435849439951784	0.3146369921273498	-0.3101110815240817	-0.24433702206588617	-0.045214322931808576	-0.08789401513458867	-0.32618500192626637	0.3548520970993137	0.026845103417004454	-0.21911646591859674	-0.04436053079172567	-0.20494356900176233	-0.05041969718116566	0.05869280650755681	0.35149706057401886
-0.08292007716890046	-0.08591026649110954	-0.14853271776659807	-0.06901462369273326	-0.08480961079737391	0.1559676975593966	0.38980888495426874	-0.1291007821725351	-0.07189313701158255	0.23753505137297573	-0.09812301086211339	-0.06537579033737158	0.3120570091663244	-0.10608615327658134	0.15012240582980488	-0.1465602623690808	-0.06445844879592276	-0.09270616814086767
-0.23702721646931374	-0.18439506716661824	-0.04695461701237974	-0.1855144407317779	-0.18592110945441379	0.36877834019172023	0.3480530238406882	-0.04197331639268115	-0.029820896743186172	0.29527742681065255	-0.17982769120096145	-0.13772733050612945	0.2883425325254798	-0.003855684959858981	0.36618277137931454	-0.06939436324003105	-0.17228681289690614	-0.19193554797359735
-0.19902748826104488	-0.30858853085477145	0.03854219468114603	-0.17538349209525633	-0.2350260948562302	0.20493478737048895	0.585360885269244	0.0498801339709603	0.09704377713849885	0.34987192058621863	-0.26747663826869195	-0.12581653253014094	0.1753497724114972	0.06236521444327296	0.2668400254047559	0.01652183022805242	-0.1270943440982644	-0.4082974205397344
-0.11193454592902	-0.14906982991960055	-0.024769840153082274	-0.1104785042853843	-0.11353648725100182	0.07497181191850517	0.5526677495068192	-0.025233182179409345	0.0035110856520745195	0.15325348891209178	-0.23181512865766865	-0.07870001248945727	0.11735228026504868	-0.019318582960380824	0.27385885222143386	-0.028570808075913508	-0.0898194398160174	-0.1923689067590368
0.19212572401583605	0.21023927742557816	-0.20252608098092012	0.16407625362340178	0.16470150579953877	-0.10255919651511922	-0.12022952328153852	-0.21141362876457773	-0.045602273003691435	-0.13144721405986667	0.27326138439711445	0.13679153806361008	-0.15403519793051162	-0.24732992219741165	-0.15192846701457116	-0.16083258821679158	0.14296187427951917	0.24374653436040136
0.2277443244015254	0.7621185158250515	-0.0908021489525963	0.1939533837408413	0.5581859022693882	-0.6849100192365023	-0.3427450796604536	-0.069114710514171	-0.0037636135744089617	-0.7426587169631287	0.5046649118921115	0.13329084356785798	-0.4957889405300755	-0.07076052979284815	-0.559096647562686	-0.08753685888712558	0.1490949659193012	0.618124418057917
-0.16120175865431677	-0.1905119162794681	0.2551349158815135	-0.1724425759188327	-0.13621003186658437	0.07179661333987859	0.1771160804488205	0.22001312230202147	0.08642939425604494	0.07577368341251284	-0.191340978587036	-0.169425896898891	0.05091997443802698	0.2360578426240686	0.09585546473369522	0.16793024582312416	-0.1753932210689506	-0.2405009579856278
0.13708919689228638	0.23374986380550408	-0.041688495766629835	0.13687288956712815	0.18371894247435963	-0.28642970288669123	-0.2336654574743997	-0.046416553514239116	-0.05677644145007746	-0.3236682488131778	0.3010423115529122	0.13187420848333747	-0.375015180786248	-0.0443676736565598	-0.32561947912892586	-0.004572912879730387	0.13705951630705976	0.4768132172740908
0.19465347501931757	0.10985469011887225	-0.05049765605549996	0.17513493821462472	0.11700191125381297	-0.22105966343617786	-0.21249039174607323	-0.06303692765649695	-0.07283382424430529	-0.20342477343209917	0.14398333316733455	0.16492184060083523	-0.18519709762102435	-0.06770177944568015	-0.22111073140691745	-0.036372155590937656	0.26641343347705126	0.16176137878336427
-0.17119447705224483	-0.1613415630641078	-0.04805484677048809	-0.12118670250560545	-0.1455475493331577	0.2125470244191035	0.34882535208791055	-0.05062358521143519	0.01804885132450744	0.2639384681945033	-0.17300800339197014	-0.08550541320240253	0.2734183964357162	-0.04549397231483299	0.17224347831040465	-0.05205218955550664	-0.10925791270420977	-0.12575535566618437
0.43397820129087183	-0.0013134419382598897	-0.04279275886417404	0.11735826774267034	-0.018782049258632555	-0.07810026088938074	-0.06944075917229545	-0.042217560781901975	-0.04819426109054206	-0.0806661210269923	-0.011406759071977458	0.03716849563643005	-0.06037035014188409	-0.04597741535923656	-0.08367668951318573	-0.043733971241707234	0.06427290182918334	-0.0261054681489853
-0.16551608458513808	-0.2656493826520072	0.04916773971803919	-0.13331368172793728	-0.24952010725203513	0.2773389148696481	0.28802510057589453	0.045560598277280435	-0.02143282256457911	0.25628251257651	-0.31841308945216423	-0.07859694405860831	0.3271275740937238	0.10914234028953977	0.2733883304946748	0.02843674122572323	-0.1053602431584585	-0.3166674966701059
-0.167540491994765	-0.3019934215948055	0.03145428358052835	-0.11471569487667076	-0.2623742197133325	0.18049271180203746	0.39050874985470524	0.034258084860619764	-0.001701759237829441	0.31584952751999784	-0.24416439075920754	-0.08731288165570944	0.21046724041118062	0.09075982421156958	0.3751876740155206	0.0365957132328525	-0.11182915592408596	-0.373941793732606
0.24487142983763577	0.1583584386441356	-0.2353536037295383	0.21446357523514825	0.15371358588726028	-0.12432180491343202	-0.11248194111145188	-0.21813416415038905	-0.05052749404409729	-0.12358368582930623	0.1807315143034089	0.1570384134879276	-0.11020781537048273	-0.2434858403890587	-0.12718898409175472	-0.1612380338785972	0.21969226030386513	0.17765414980872613
0.11689932226251536	0.3483890981370615	-0.2388541675568528	0.08953602056356798	0.2674338058361273	-0.150218000011595	-0.18873791274795812	-0.24230986023791296	-0.09824003136559818	-0.18222708615027958	0.34192861682906583	0.08366376692375559	-0.1082799289664301	-0.17955339961866873	-0.15718562511996875	-0.18216301144969824	0.1354190291148747	0.3444993635579936
-0.04975484355660671	-0.15681983182801615	-0.005852374837986128	-0.03475879675562363	-0.1288591320765897	0.13636675237366774	0.06304024805517802	0.0013613779797212772	0.004635078146093908	0.31549550640282015	-0.13518480066120023	-0.03287795730828584	0.18965186225646233	-0.010642795909319911	0.16086367126702159	-0.005016467287049736	-0.044918011481995326	-0.2667294847782917
0.058327904731221604	0.14631659853311282	-0.02571560852343804	0.054806309912466135	0.12886203864943616	-0.17617663226115723	-0.19717658807733235	-0.024986941776841486	-0.03992993501180203	-0.16538283843346438	0.12000745225658742	0.05262351028258927	-0.163172723840104	-0.026989528499211855	-0.20954680519214744	-0.027109560416737535	0.07016580310415649	0.42507754456266617
-0.17350168131599322	-0.23839545907880513	0.06572466172772203	-0.14605769689714565	-0.23539143000331322	0.24309737659361896	0.26532450784689116	0.03176438833051081	0.02431471724906117	0.2940574902153068	-0.3090096729429889	-0.14191099157363002	0.3253662782160303	0.05515861186262203	0.46077246250213155	0.03131672150321481	-0.15526452993643258	-0.3973657542988004
-0.16626143702512347	-0.27465873879925884	-0.03440717919900183	-0.13815984902438866	-0.2795330468951492	0.25240961823078173	0.2981091555598507	-0.021925181259891163	0.030260834943687757	0.31020165433824326	-0.2853801708405128	-0.10815935308833317	0.34918089326237756	-0.015693703879343768	0.5614961130241353	-0.03564705928054232	-0.13281809500740938	-0.30901445506012176
0.21147160276930296	0.16965167947142576	-0.083896341156219	0.1464599334912385	0.15618834049371666	-0.22889026580197863	-0.21707301939675622	-0.07829628753398096	-0.08267042589537915	-0.24605094755386497	0.2619302605001501	0.0759168220724932	-0.2722016601408288	-0.07390270340777007	-0.281580791657094	-0.09269074112567048	0.11772353566901533	0.5179110092021998
-0.21334930564577573	-0.2814063983463966	0.15511350581817043	-0.19761876184898924	-0.2728044183030697	0.1736937907992334	0.3670371028095657	0.1369509181935553	0.05703332217324103	0.299598217577938	-0.28061045808418955	-0.15510606821385792	0.16899850000144578	0.1307449326065919	0.2243320009891641	0.10891059129078194	-0.1831100344017768	-0.23840743741563158
-0.18455165770564685	-0.1934085225392013	0.5216086040032126	-0.17687930266151727	-0.19113891586463447	-0.13805957783575604	-0.01616984846949622	0.5208662239493338	-0.15146821913592942	-0.14588372804519031	-0.24020638880888528	-0.14753457983854332	-0.11792010141771452	0.5944412067268912	-0.11837278915641694	0.5018033362602237	-0.14071218334712515	-0.17641355611360435
-0.0439988257871557	0.2729634927230983	-0.1000327398934155	-0.05141862185456071	0.2845258482641772	-0.09924489818400964	-0.10644809557498106	-0.10159045165000495	-0.07558481815946612	-0.11335506661071085	0.3368841033739214	-0.0518865447351179	-0.1049655720250028	-0.1261921909636991	-0.11035815214799272	-0.10320446327782418	-0.045400724815688215	0.3393077213184332
-0.17328941720288826	-0.12864341250214595	0.41661404597878315	-0.14814513143995944	-0.11834323962603586	-0.09314191187372484	-0.02769026059154398	0.46316517263133533	-0.050450668721220164	-0.09023812474351095	-0.1463264062832679	-0.13650303073274683	-0.09221484713285447	0.36320235683161745	-0.07711010269869746	0.3863876987680981	-0.15738645118543046	-0.18988626947580722
0.15620409223932427	0.2862698628978236	-0.1836363381889552	0.11794918916500033	0.30664800708586193	-0.15043108418264875	-0.14362320547266025	-0.18070448026631178	-0.10301149263249747	-0.2327102670482054	0.2946209775808015	0.09804298763222954	-0.19436443749097038	-0.2324529887168982	-0.14217307637088647	-0.1647579219799998	0.11153446557274094	0.3565957101762515
0.09731427431531185	0.24922217426470095	-0.07247029640524981	0.07208206817172694	0.27412106544251974	-0.18923222384766647	-0.40265513792987495	-0.0835641932148644	-0.01564806711989883	-0.2641815661815013	0.31362730535219624	0.06918560234102092	-0.3197543053647264	-0.09587691604854809	-0.17252462883610273	-0.10370238092462084	0.07971798352284525	0.5643392424627319
-0.21325141945394244	-0.3066749573082086	0.15481283106495827	-0.17235072627479575	-0.32161448167029133	0.22227562515726076	0.3428669666457443	0.14186960779121993	-0.009764648118120669	0.30706972114660513	-0.2904000158159804	-0.17205201467981748	0.28369301293938964	0.14050964347185413	0.2542024276777855	0.1396788761260313	-0.1832658252303302	-0.31760462346936214
0.08499638908120434	0.24114764285034943	-0.10674249604233055	0.06249097840587636	0.2203032643147166	-0.12404035082323063	-0.18652879616204582	-0.07408163904491305	-0.11698113182391631	-0.1640548787692803	0.19647606967177253	0.05534783780821322	-0.18133340964818076	-0.08574034830571774	-0.1109453644228833	-0.1069557416400109	0.05613662739495907	0.34050534715541814
0.00027014180582541725	0.1560260010504383	-0.08605570399414428	-0.016349417591665145	0.14762190817407	-0.1243818769846105	-0.0958281785617368	-0.08073302183517438	-0.08126072769778288	-0.13570538569485138	0.3054773747020234	-0.024529094711032758	-0.11002853158096812	-0.08031400007535078	-0.16677633576962983	-0.07689293807868622	-0.014692040812836883	0.4841518276561127
0.1285197422816776	0.22832658865757458	-0.08028632844740685	0.10609932890111273	0.239264008144936	-0.15305264805228183	-0.24975571612730582	-0.10841434609509894	-0.1545068930751833	-0.284284899843189	0.3664139082579864	0.08001034267885838	-0.2901008221222921	-0.08500994501058387	-0.22266652413346286	-0.07849292636704752	0.09831237938141595	0.45962475097029054
0.03955797845464303	-0.07659704981907933	-0.036944777334975545	-0.02547092512987718	-0.03571837965951017	0.04757565270206818	0.022101044755714654	-0.012400660917608747	-0.09961437998806094	0.03502655684307243	-0.009764609033868105	-0.0480144839335145	0.5856639567739027	-0.013966337956766899	0.049486552044732186	0.0033750260470480197	-0.08888255687806762	-0.33541260696985215
-0.1967395641697896	-0.2970919500683916	-0.009980012540697756	-0.13491787195261667	-0.24733772385667457	0.2646375980837488	0.29898746522794356	0.013975704779354543	0.017326185721501894	0.29317766460144806	-0.18756714132240412	-0.11423924802041958	0.267504182632613	0.03744053132136741	0.2879039087664191	-0.015171862093846926	-0.10357683305540005	-0.17433103405415543
0.014268653250247806	0.16106596950627616	-0.029134344186567532	0.008326443937858667	0.15967913705954206	-0.11812201501198831	-0.1347767113048604	-0.032743011905070916	-0.039954176143376756	-0.1275312013623048	0.22701774796479088	0.004174426718360745	-0.11848139320738454	-0.03305436621889113	-0.13304833151601175	-0.03390936148348377	0.017262471686254	0.2089600622166097
-0.2512884128992489	-0.11601211539122899	0.07145301830548738	-0.13240999532343345	-0.08908330936550035	0.10291305241275657	0.2671447012202271	0.1096576056824557	0.09648750418371682	0.09906523158379425	-0.1012782224014756	-0.10130253321283618	0.10305300536085606	0.11241739112946858	0.08915263934840378	0.05741562445258775	-0.15455505756011947	-0.16283012752591086
-0.19701539206146415	-0.2396943661665222	-0.044978442766036124	-0.19733277181315445	-0.20188019832348886	0.23052163115247862	0.5504457612238375	-0.03229201128575292	0.027434376748153272	0.38036866300546546	-0.20728630931207462	-0.10942328137594196	0.2636189846476444	-0.0370526134567456	0.2745893375082702	-0.03484271402637737	-0.1784096415940299	-0.24677101210426158
-0.15061600621670343	-0.19825739347834004	-0.07732830475787303	-0.14213481194303146	-0.20116469844463053	0.19856729638406317	0.13008819682651498	0.0029591943587347702	-0.13013372301626835	0.579694149835151	-0.17015781825774223	-0.10306574535222204	0.32950658270562855	-0.016108786735164145	0.3923362888644292	-0.10217140778670185	-0.14229547083441907	-0.19971754215142595
0.056024133930397485	0.31498614159025096	-0.0949662168763691	0.009504400635753604	0.2875885705553678	-0.13706152604089747	-0.14522904329044345	-0.09069805395982879	-0.14294768048767595	-0.14999985503356106	0.268478844664112	-0.0003564153406034457	-0.13970108482164326	-0.09018042768201147	-0.15305602944338853	-0.09002177294203924	0.013512341549649075	0.2841236729929304
0.10938727071597744	0.22339382968257648	-0.05509532369650977	0.0430198994247401	0.17801943183569824	-0.15945696666139883	-0.12692885416067337	-0.04428215479427658	-0.05970812701735057	-0.16310032902006638	0.1953097831822115	0.00701478926636298	-0.17328878606796533	-0.05284286362967561	-0.17607956987393786	-0.05056798941374796	0.029754812140950604	0.27545114808708493
0.08101882920037946	0.2964270604698796	-0.13081204708504346	0.03231252939470855	0.26940407424236457	-0.16255199676746135	-0.1667537137209095	-0.13533490408863622	-0.09249607122937528	-0.1817607775581818	0.5212391391709726	-0.020336195378914724	-0.18854723218262537	-0.12439172230540341	-0.16402363444803383	-0.1448341113005152	0.0023348546826066335	0.309105918904189
0.05487991783380589	0.31614523949860235	-0.14799685079836197	0.049676456545561874	0.24279390713891497	-0.12265096345684784	-0.1147425443861899	-0.14567082684706256	-0.11609192377115019	-0.11797127330725618	0.3014281939089524	0.025663920924146662	-0.11322133890278754	-0.14087361713153418	-0.11521682383059505	-0.144945190421863	0.03009977835984031	0.2586939386438244
-0.11825394141693865	-0.32494350361172586	0.07416587466765488	-0.08403255457130583	-0.27861796517692194	0.18785073900629645	0.39931041222363167	0.05698502271117768	0.10957853356059778	0.23884111312830408	-0.33355202432495334	-0.06456278092326273	0.14943525523141662	0.10978255250451367	0.28397809687774006	0.052474757677746814	-0.08475863543169888	-0.37368095213227215
0.07183067823086571	0.14459661018255493	-0.06308307936861389	0.04867765618333029	0.14672335867782724	-0.14920039957020528	-0.09553555019818184	-0.05772193584710704	-0.026192787671487482	-0.12422719313431727	0.21176853370766133	0.024810098461618125	-0.17126358805773587	-0.048656200063828176	-0.11796473431940167	-0.05035595065268964	0.02188911850227424	0.23390536493743616
0.06687239916400953	0.19829414321914138	-0.07132638751071925	0.04537102814576998	0.20040898596497503	-0.16137512661708261	-0.12928456724578027	-0.07283044111423422	-0.057712858894798616	-0.1667853227095629	0.271852713296842	0.020180009424937487	-0.13473602862528358	-0.0626126769519343	-0.16917647063411573	-0.08611167892685218	0.01666846795761923	0.292303812057069
0.19268599584121135	0.2220475249579823	-0.1065658360938281	0.1524617660172408	0.18281824890360607	-0.1862388871984495	-0.16100220681600977	-0.10941533081942807	-0.16328850353374808	-0.19485337689058585	0.2623813685566673	0.06252857475074505	-0.15685638731671	-0.10525647372839284	-0.1781135361452876	-0.10837797076525948	0.13852990165087994	0.25651512862936593
-0.1785435838502059	-0.1851957320616572	0.04396059284705441	-0.11621556433042807	-0.1610981343092419	0.20072597058573216	0.18384949836432524	0.03679072051239478	0.0879275611365282	0.1946766815269253	-0.1731703223223777	-0.0815904207652751	0.16907911992986085	0.051553711981163666	0.19324399237328205	0.03369367353567228	-0.1323076565466977	-0.16738010860705563
0.08042316128893322	0.1839144017373627	-0.050133110521146905	0.04729034197665143	0.18413614926044675	-0.18623263134751972	-0.17566992065579107	-0.05372856993380948	0.007305697277472968	-0.16308451297476567	0.23703929667365448	0.04310471052583832	-0.16883610315908965	-0.05759177512410165	-0.1768049616605583	-0.056960676146446086	0.07772258419338998	0.2281059185894783
0.026672757530475648	0.31372384395621494	-0.041451740814506206	0.019940889261080473	0.23744360978416948	-0.17997229049093816	-0.17896123159075353	-0.0468938071264993	-0.06597889745643265	-0.24752834508920146	0.2529910836281791	0.006124787006842879	-0.23037536297789132	-0.055488698927235444	-0.17059661251979727	-0.04129373072186323	0.005396150853107808	0.3962475956950481
0.12822089231951317	0.22133778758305914	-0.008295814757327385	0.1647618398296653	0.24209169661061314	-0.2538688392104803	-0.25183883529701573	0.00045073653612977895	-0.14373268950420423	-0.26214400671688076	0.2299774007697489	0.060038860876867044	-0.2521994407685754	0.005013117870841012	-0.25228502627129185	-0.01281431356752284	0.07668590424639699	0.3086007294504642
0.08029833598457514	0.18839693063883733	-0.045991415159509594	0.046252899113480794	0.18802273503463007	-0.1709781249024116	-0.16081912307670457	-0.049578698967517564	-0.0162588108030806	-0.14848416674175366	0.23284042708801048	0.034136595515963916	-0.16487345575167095	-0.05033019541160379	-0.16786692250568616	-0.0563018460914283	0.05943765936988918	0.20209717666598007
-0.019449854910526223	0.35808632229715726	-0.10679714911993322	0.007225930286882892	0.333305813221297	-0.15805875678633632	-0.16671128117615588	-0.10936898293761989	-0.1782278744658321	-0.16630990345828192	0.3433417321844684	-0.010966830821944452	-0.16343189242354234	-0.10661945481192464	-0.18685789132273728	-0.09640840173656813	-0.01842565576472551	0.4456741317463219
0.26471235136621085	0.12036503270310435	-0.14433472637273076	0.22561544643921475	0.14817089659531718	-0.1372267791525827	-0.16367361718873025	-0.14811769251012905	-0.04628875699837682	-0.1591456353234087	0.17323529138012456	0.05402239585503379	-0.15090661624482954	-0.17591285243078128	-0.1805447687996332	-0.13394201192159966	0.19929010931988989	0.2546819332839069
0.09821251428376868	0.23796554425501118	-0.09638984872945675	0.02603599687618165	0.29748276433849324	-0.14515353827778166	-0.16714567618205986	-0.08058792200122553	-0.12749812878972916	-0.12530981543278383	0.3993686208326909	0.03796806883804977	-0.13930766302876357	-0.1024652903092785	-0.16013380598878404	-0.11749876535605595	0.044106510212024205	0.12035043445969933
0.3503016764651202	0.11533927574658209	-0.014995711293793781	0.19235006089480125	0.1036966898322321	-0.2559273377308483	-0.247342081434099	-0.0070935794576247315	-0.16064462620544837	-0.17494167155393361	0.15054293683501702	0.10252743690295583	-0.1938961116759853	-0.003923058589215771	-0.2846640102026907	0.00203683868912323	0.19005432739820036	0.1365789453796087
-0.15870656936705504	-0.16849016171307032	-0.00996536931558285	-0.1502332176838059	-0.17062700222872662	0.19872614927002913	0.3150545909178902	-0.0026504860807329135	0.036217124804917525	0.2789449272364983	-0.18294075333246548	-0.1450384745288202	0.2729639028823462	0.008386516828812194	0.2565774572046131	-0.016612037773214357	-0.14981370949575631	-0.2117928876258758
0.12514089414078608	0.08543579916405498	-0.030993001969463568	0.08045202524456853	0.08157996458785824	-0.12024833750381057	-0.14230728388057814	-0.027252498060338377	-0.12166745586997618	-0.14657799101076105	0.1423045150725039	0.07453815693751005	-0.16508671307076386	-0.027181399371021764	-0.13220237329069964	-0.018221406619913123	0.10838642889800217	0.23390067660204197
0.20516271560201366	0.13152485909371864	-0.1733445226944487	0.1551845515151033	0.12497677814359721	-0.0733447558015996	-0.16020519150570126	-0.13214103085305645	-0.0926118004432363	-0.1341439764335482	0.20522305832651155	0.1332457716171269	-0.08748367780410089	-0.1370153634525177	-0.1097881158468432	-0.17847069109536795	0.1393061056486762	0.1839252859836729
-0.08566043262768237	0.331885237018545	-0.1365519026447893	-0.08509848811874574	0.33371062971690996	-0.1347826031443067	-0.11648169353134706	-0.14187071794815978	-0.056525949953162104	-0.12343258952374123	0.2709243370944396	0.044284457962629156	-0.12225665785596596	-0.14251783587186795	-0.11848175905052294	-0.13392455387568522	0.1337650019771485	0.2830155203763047
-0.09288675684364206	-0.07712516930293639	-0.1979412197553014	-0.08259889231222017	-0.07754056992605492	0.25750932282910904	0.248808667322168	-0.1900176779128395	-0.0060221416946973205	0.35080030820136854	-0.08261311833576833	-0.04638668930604276	0.33179477260742324	-0.1870188660639768	0.20091939416689675	-0.20007119339430696	-0.06884203514793075	-0.08076813513124814
0.07476686604833989	0.2055161801941293	0.03276696184012401	0.03827081235980311	0.27020318435805335	-0.2569656274158583	-0.20256620665805258	0.04601176352619578	-0.05138848098096942	-0.23203914126468833	0.16824917614361246	0.04224562881856174	-0.18272292583476432	0.036439664233328235	-0.2357999955783409	0.04809663170692422	0.034819116252938584	0.1640963922506633
-0.3549070748781766	-0.5065553613110833	-0.0025596970075207727	-0.32865967748389546	-0.4384632826273785	0.6626770086519236	0.6294045375872032	-0.00424241704359688	-0.046361901091390316	0.4639110396419095	-0.4535498704554863	-0.29596397993787366	0.7002172463168492	0.005875656302079993	0.7658984029325695	-0.0003323132147205264	-0.3080403721901622	-0.4883479441912498
0.09289208039724689	0.2836493913559799	-0.02237898933842846	0.07499418106422658	0.2712063313736519	-0.262273461419187	-0.31606151291859996	-0.006010517916417846	-0.1185134488956964	-0.39175963778427325	0.3656208408706668	0.07278326382440083	-0.3041201759069678	-0.02671858265624458	-0.2969365262576347	-0.01744470892318484	0.07534753172214105	0.5257239414083216
0.042741787804241975	0.35501324458101746	-0.02188193786091587	0.04303079528550176	0.2950479464009355	-0.22760198721153807	-0.25180657900607056	-0.02544326693068864	-0.13524457040034685	-0.28846840193921136	0.3622258565173389	0.02178876340621942	-0.23081275473886168	-0.03613476614582899	-0.32391150187217355	-0.019791773059157195	0.029295328221535587	0.41195381694800226
-0.14760680514987434	-0.20572954935428975	-0.10160021030656796	-0.14144898207098394	-0.2217528117824966	0.26245959149381026	0.35050580334753406	-0.09446200510817171	0.06916076201498444	0.37662488624537166	-0.24333949590311724	-0.13452149378601566	0.39004133856393075	-0.056707613814836064	0.38016070269712604	-0.11201116323434633	-0.14962169377503048	-0.2201512600770278
0.12276221663783807	0.1750887728213378	-0.07059699764985787	0.1336380182314047	0.17610020800425086	-0.150777750126231	-0.202634243197803	-0.06610040705413958	-0.08371323707745605	-0.24596812910058496	0.17818468471628224	0.05022554342829077	-0.17864871809516228	-0.05751538254848483	-0.16854494030184866	-0.04681041652983414	0.06759017066372308	0.3677206071782751
0.12516183588078503	0.2172821287388627	-0.014141941331377236	0.0848259540853512	0.2385696176922285	-0.37019245372074977	-0.10741172058663655	-0.021264246444016078	-0.0806775225743854	-0.30062570055961696	0.24257876251103447	0.059493354275355965	-0.3119630310483947	-0.017268210689576787	-0.25088251804344225	-0.015924064400242438	0.0806546517113603	0.44178510450345976
-0.12811905589027991	-0.19836682710918316	-0.04762662545691995	-0.12074827401996724	-0.1497068079501354	0.24126884688860842	0.23518026505294637	-0.05017648159489409	-0.04972182927156894	0.31415235390985824	-0.18853195787389068	-0.11704127739719102	0.29853735169121914	-0.048543155325380394	0.3142988888387044	-0.0450896467469958	-0.12594070651928396	-0.1338250612256459
-0.18869245036235088	-0.25460804761348627	-0.070055655195292	-0.15082079491055667	-0.19892840150451144	0.43174169029223697	0.414029281384621	-0.07526260634191183	-0.029658348163497824	0.3553001327856526	-0.26491774582498595	-0.13012027666659842	0.37762124407685604	-0.06443617244415145	0.3470358985507111	-0.06154625657378028	-0.16354960394570917	-0.2731318875432459
0.2417673596932654	0.33270461855289196	-0.1307328146386417	0.19485369565199465	0.35978967477067614	-0.2840960503779033	-0.3166690252051433	-0.2134164582150176	0.05986497127213942	-0.18301385104811355	0.2049124840136454	0.16905360086193397	-0.3057125573457775	-0.19966317677818912	-0.18286105838725755	-0.14787301070624514	0.18914495800497771	0.21194663988076504
-0.11256365614324301	-0.14077556002069644	-0.013001987026120005	-0.08660255051284038	-0.11638915725087995	0.09780595454642489	0.15393851604929096	0.018376570695745383	0.1722609327604934	0.25150670306101086	-0.20888398070754646	-0.0731382527324538	0.11267166260679409	0.01644452349975909	0.14614310275742926	0.011866271509063279	-0.08704774335654392	-0.14261134973568734
0.12089996154320266	0.2742070068926239	-0.2007959868228644	0.13992915904004055	0.20793009968342208	-0.10049473667064739	-0.26222383751163353	-0.18949946669432782	-0.09493619954339533	-0.1231493393254805	0.2379656981640109	0.06976372336672748	-0.12167292932404189	-0.13807053359127633	-0.14787810477042374	-0.191211510462059	0.10643642423983816	0.4128005717862844
0.030468373711076798	0.25019661485225453	-0.08423264483604813	-0.020913602910334825	0.23939903252513284	-0.13480678793392964	-0.13657898280897715	-0.08030655924771353	-0.07696792156084215	-0.12062237265054257	0.34791795173182394	-0.024558851516513037	-0.13774702817849363	-0.08627773578418049	-0.11185065313673301	-0.07741356761146273	-0.022085210456985218	0.24637994581246792
-0.19219078384119673	-0.1909979609031211	-0.03582209093739825	-0.13378678960430518	-0.16883459089844827	0.26761187224398986	0.3473466589539927	-0.03808361710475932	0.04918794565166735	0.3322507976025372	-0.24173509684310657	-0.10949261421649417	0.22233073110609206	-0.013461172331370558	0.4482194796604204	-0.053699774289771574	-0.1292413295236582	-0.3596016647250692
0.11934178594603927	0.352354789056374	-0.09142043304177716	0.10715893395113854	0.3384482415863967	-0.35462885050728504	-0.23249037343038326	-0.08295909577064367	0.008163913845045698	-0.5666680691805848	0.4318122991540767	0.10120154100317112	-0.37493499468936003	-0.08955350375591742	-0.35429754993696055	-0.07684062554322711	0.11467428308438181	0.6506377082295149
-0.18440677199972266	-0.13296449907276037	0.03901871483735466	-0.2204938199964704	-0.14969900394766752	0.1142305016294345	0.3718903138894558	0.008827868603186032	0.058974544699368046	0.21382239085287427	-0.14545753104222256	-0.13782813305667466	0.27219540628029715	0.020000376562688604	0.22771217752480405	0.01915391457984104	-0.1823642431138254	-0.1926122072299608
-0.2076588113249634	-0.1445986728675367	-0.08075983989136061	-0.20996698032693853	-0.14454451143736605	0.21986998274169023	0.6412906134300305	-0.0710765080805519	-0.08724079072685083	0.267806042416685	-0.15218842798353255	-0.19405461698840756	0.20940075427950175	-0.046836945073338646	0.434247033837608	-0.0921715596506812	-0.1944751831361026	-0.14704157921788275
-0.16225378101454246	-0.1918916752608392	-0.05203691860929597	-0.12509369454749983	-0.1786840554253047	0.2217489484280139	0.23197124654456877	-0.053678902175197836	-0.003545578883338052	0.44001102195662567	-0.2013681545632902	-0.09879328419383479	0.3228849426635483	-0.05261522160510479	0.2739985039093836	-0.057910125602924196	-0.11173941468325038	-0.2010038569377181
0.1859622564003942	0.17322045794236074	-0.14365573411122867	0.1572070830963215	0.18071893461326113	-0.0850853355333234	-0.12944651580398792	-0.15291095423911533	-0.05044551750901885	-0.14365264060230745	0.15845160532208874	0.07843708666568605	-0.06823755070288723	-0.15027687445079477	-0.10970952317247704	-0.13727258812814397	0.10318144872570117	0.13351436148747137
-0.26106941015552365	-0.5316932401897422	0.029763773681356066	-0.18293256511175685	-0.44503141698512233	0.41218294037950987	0.4533957005432747	0.013709019989965383	0.08231685962805116	0.7209385394237825	-0.4114605301880601	-0.15037329257439452	0.5122101919118736	0.023761480505627902	0.41478303438114317	0.010831842704442625	-0.19626301303468058	-0.49506991490974467
0.32466872208808195	0.1531022482852632	-0.16695246749035048	0.260336595431641	0.11448630864843155	-0.11502427746956577	-0.29376974505286285	-0.18744717940133432	-0.04966558661923722	-0.24097469272395458	0.1644129666539858	0.13410006928484783	-0.13336619578896894	-0.18988230750848786	-0.23831189413190385	-0.14669584761600613	0.1927713284766036	0.41821195493381713
-0.21783788491845488	-0.18650902745799594	-0.0881106065727357	-0.18624690007291478	-0.15293215499253085	0.2536788430906342	0.2890155070306996	-0.07682916284387213	0.25930830584187237	0.24236771210496677	-0.17583908445187174	-0.06434215202718054	0.23021252811913023	-0.06459641264765949	0.29701316497669594	-0.08534886154059504	-0.12826148858740952	-0.1447423250507786
0.17564693853340843	0.2339448188292499	-0.0693319609895109	0.12959388489347462	0.1742205750963822	-0.19653165238891632	-0.248514168696987	-0.07569757199985919	-0.04421683515086968	-0.24332076351643905	0.2747738906608268	0.06230265511954063	-0.18404016763144887	-0.09456981241077078	-0.23984940007307576	-0.07250754778141569	0.12288715284188591	0.2952099646645254
-0.066820881504363	-0.139404609894156	-0.07054560597211805	-0.05839911408493609	-0.14974108383132712	0.2343138314739403	0.2353881416080827	-0.0807022748977954	0.002302531172387311	0.2605006074903163	-0.17144744121058222	-0.032855622552176736	0.20795589418567245	-0.07925039562960226	0.265728638776417	-0.06621096040255457	-0.03682376850026714	-0.2539878862269379
-0.04149716704883257	0.4380364754573694	-0.06822503794950158	-0.05616922191712747	0.3800544897805034	-0.0726404822162578	-0.12069901552966082	-0.06981724682633834	-0.11108222569162587	-0.10356202478913952	0.2242123392059225	-0.04071007104960769	-0.08114975286337787	-0.07252520223078711	-0.09621905712901553	-0.06098594983598987	-0.19280021230159788	0.14577936293506505
-0.10790141324653266	-0.14421887689319435	0.21269251931055824	-0.0602872724918578	-0.17268679374397825	-0.03145141819345459	0.013630056141413884	0.272068505530521	0.013398732489197228	-0.03623354564251613	-0.22645057530267707	-0.08067159441315372	-0.018159589975727253	0.258525707136125	-0.030749297329260693	0.2866750190752331	-0.06110252533500073	-0.0870776371156953
-0.04494078311005014	-0.21080392529635286	0.3946209875000235	-0.04808989282426893	-0.2409818385199635	-0.06389622896372338	-0.04306627080723965	0.34511725183355096	-0.057663838434163006	-0.06304386772796576	-0.15016338996684675	-0.08469048696174081	-0.06238920112142311	0.33378494164305816	-0.050854299235512684	0.3132629921957414	-0.05935837584811652	-0.20684377435500656
-0.08244705371269334	-0.13834980555785226	-0.23362316604327196	-0.06344909864919444	-0.1286770910895958	0.3425255108412395	0.29231832735683544	-0.23881688914868052	0.030736525608910506	0.38098941925954427	-0.1685864763538059	-0.03471288865013154	0.423206932324774	-0.23612625370571497	0.4038320060901721	-0.24159399691796835	-0.05324035427255477	-0.2539856473800123
-0.14840591125208716	-0.15299047820715253	0.004421006878753575	-0.1067234143430416	-0.1376682235454264	0.18622512537181488	0.19829345786024985	-0.0069198571071524585	-0.02300048812453858	0.27401200693188243	-0.17624225728015327	-0.09184017321531139	0.2017541028700766	0.007800229720741511	0.23328685184282055	0.010717147212425381	-0.0913359706223263	-0.18138315499157498
-0.011440249512881515	0.18352328775208948	-0.11342456262675078	-0.012584736968623727	0.2695671860141049	-0.1933152283204374	-0.1747316790332963	-0.11857864521794931	-0.09258623148406497	-0.22654798183998467	0.47584516804343685	-0.0030164694404221704	-0.22219250446647654	-0.0966093082267272	-0.1776995195620952	-0.09660306442907439	-0.010357578809914251	0.6207521181290676
-0.20056460751821023	-0.3050637041146114	0.10407189561333785	-0.17966712592850742	-0.2457962220537955	0.27941525819573315	0.4537874639182868	0.036034795203993455	0.0026160165745632248	0.15863091390359194	-0.3083361746058078	-0.1617365220663813	0.33078129174202886	0.07191391919852681	0.40101673767873963	0.047309905655850124	-0.18388094359846482	-0.30053289779887316
-0.1830089715602768	-0.25070596745225676	0.017015432383854532	-0.17306238551216033	-0.21975662053332126	0.27303771292770984	0.3527322260379951	0.03418732160713417	0.03473183883919134	0.3272494884299	-0.29422026103978066	-0.12673661861279148	0.2902094441330981	0.04310943151536198	0.3245664625831598	-0.008044588682324272	-0.1505744295478605	-0.2907295155166331
-0.10330610095462867	-0.2104940009318889	-0.047966566590267226	-0.08239219409295814	-0.15761003620267242	0.21080115008085148	0.2897734001321304	-0.04192502873770706	0.11722897662354745	0.2133704972194406	-0.2156582515586004	-0.043097642193196686	0.18366775976252037	-0.011159291935295646	0.21262334957634402	-0.06294341834031007	-0.05621549381869717	-0.19469710803861195
0.0999619292449393	0.12782470278736174	-0.028062520157484144	0.09226631865918287	0.15814772539670996	-0.26730913325779065	-0.1502852123327495	-0.022033970601178437	-0.044477531535545865	-0.2568681074611759	0.26687520955805244	0.06741498975375439	-0.1789800795746154	-0.03698906430948533	-0.1893935280789914	-0.01834362567697085	0.07197225323208797	0.3082796443538987
0.37239622840797176	0.18819732410753456	-0.13731585428459553	0.23250895582746425	0.17523816791083327	-0.18611471361598944	-0.20200079874483542	-0.14011128817521015	-0.12371406823125837	-0.21084457132319404	0.16792886527584683	0.10485587493709299	-0.2183827738506175	-0.15602686114519915	-0.22360815318783644	-0.12781874899297213	0.2676406402830617	0.21717177480190286
-0.1997765307987119	-0.10537680065087945	0.03325790519180824	-0.149450397148419	-0.06912356595401324	0.06549073217549801	0.20373100279498457	0.020954814656067005	-0.10843024678627652	0.2008467267337148	-0.1573845069786011	0.013304383233197383	0.19211313311747422	0.057086153498019515	0.12942174082548286	0.007441638212085176	-0.0473236905982313	-0.08678249152319918
0.004239427537787958	0.39311671872814535	-0.13038042537326003	0.007570781714546712	0.3864760236671703	-0.19213791095562668	-0.21890845165483186	-0.12692334884070253	-0.045419840558278274	-0.23425644958883832	0.47974897983673287	0.008805908760326376	-0.22735271933925377	-0.1279327526524601	-0.2038856903494809	-0.12671756044813293	0.0008434075374165815	0.35311390197873904
0.13555052327861933	0.3310773781516952	-0.03797070487930298	0.10950201312582615	0.20979500770029888	-0.2603077714994291	-0.33543945395629915	-0.0200046136705418	-0.04194028223807668	-0.29454852695167877	0.328901193804026	0.06689230193293211	-0.34690596690876824	-0.027023083370760075	-0.25488544346921416	-0.029477714666944467	0.09165849890195181	0.37512664471566654
-0.16166580931456748	-0.1650797829258393	0.03258129291982322	-0.10208876558201221	-0.1508884711191409	0.20696772116822304	0.19977108370277588	0.017631927139481696	0.09357121083596846	0.18642137237132728	-0.18021960866655917	-0.05480133393608393	0.1849589728971328	0.021280889484703382	0.1303136225058963	0.029448115028135467	-0.1015602770990099	-0.18664215941025433
-0.08208918397157519	-0.14243017890160228	0.4191463929805019	-0.10319954894164464	-0.1420283445874191	-0.1591551737703189	-0.11546023485144542	0.45607579312685154	-0.053594119641891924	-0.1856599051108444	-0.1370116936513693	-0.09835630342201444	-0.1256125146115128	0.4751284680651849	-0.1489192679447892	0.4378611241392695	-0.09689943146246209	-0.19779587744291824
-0.05503151340997052	0.23641069746231874	0.14551353194157735	-0.0626809742941481	0.20427491765145683	-0.2029091687236518	-0.22003671850863904	0.14808783935960476	-0.11886594714899042	-0.2674592798270577	0.27725775070577763	-0.055166894232858595	-0.23575650330171122	0.13849414761941448	-0.2147789194257986	0.14013980542204257	-0.05232891356694911	0.19483614227758234
0.33904377292029475	-0.148409843904457	0.01775480467115939	0.3310828679494785	-0.13506563013008258	-0.014832651747900836	-0.0036872935852421463	0.007214839445409394	0.02889875921073997	-0.021761756973777795	-0.1678825496892316	-0.028829359058420944	-0.012693919010511277	0.008821470569789268	-0.013311395188392333	-0.00440253591573761	-0.026978850121951642	-0.15496072944116557
0.19360873731920772	0.2279069565426861	-0.1383961125255204	0.11046094095255381	0.23604248485460286	-0.1918322917308512	-0.15627823851165307	-0.16092599067881425	-0.04406612265109814	-0.19054787242517407	0.2942405566265773	0.05547506069773844	-0.1458910407486899	-0.1366031262080191	-0.18437466460764493	-0.14072997961553152	0.060733755480652615	0.311176947228978
-0.05252939456974521	-0.0567484423013227	0.4102702862765005	-0.09602449603679555	-0.05347209738181682	-0.19208475817490606	-0.059803471781517376	0.49366683480129453	-0.1825707945428124	-0.19842950398333511	-0.08726504516962134	-0.21232552773749003	-0.20288678540163277	0.5079520198567014	-0.19047905639783289	0.4768252379633474	-0.2328434331946444	-0.07125157222437047
0.06499403020770311	0.32671045849069513	-0.06703720445714598	0.015356689944051715	0.21845812145141785	-0.15959390539679544	-0.1337108808347039	-0.07588610194496989	-0.14062807476454942	-0.20280614298186075	0.399303066048683	0.020694841341588895	-0.18486264658772553	-0.05543213300516047	-0.17848223666700955	-0.06264245465190658	0.025585223218875894	0.18997935058881196
0.02438147814108655	0.2837372565346748	-0.17314912852252984	0.010503070541700205	0.24463747118450807	-0.08452306686632452	-0.08371740700961841	-0.14265195244400808	-0.2546431167917766	-0.0897231932738307	0.29399448560962566	0.045057919141603855	-0.07577367339865239	-0.14771564858653358	-0.11855119859044953	-0.13535934134185992	0.034691419333997865	0.36880462633838623
0.18242798378018157	0.1506203147042787	-0.06670639157856849	0.09297362553008333	0.2236998019488726	-0.17178183595187022	-0.13852336726389894	-0.06511879875165799	-0.04650732484662705	-0.18446424399197806	0.16349838225958338	0.011352967584226097	-0.2474055906063281	-0.06770362529234288	-0.19593253834086669	-0.0734081020902118	0.058841695190885654	0.3741370477162387
-0.12604361553290616	-0.26922500796084586	-0.1068766984141842	-0.10716051805816075	-0.2812804131774327	0.36494428954802466	0.40050652760003	-0.13340713370662452	0.2388851910207084	0.3739436615781296	-0.2734603028798447	-0.07625700764160005	0.32335745687510237	-0.10111811879567413	0.3223784888886228	-0.14048319898561057	-0.09013148717302484	-0.31857211318471007
-0.2332161397415569	0.33261621689378873	-0.03698668420577077	-0.19399146048180063	0.34088764202607597	-0.10448782569153506	-0.13099798799976275	-0.04604371533964441	-0.1441308876555403	-0.02850603414519712	0.29862652703198067	-0.03871923936007924	-0.10108492954567848	-0.030707787165796883	-0.04969381798737221	-0.04964168420328061	-0.06842326751190417	0.2845010750830741
-0.1656683707393986	-0.29310623440273603	0.4317598610217473	-0.11517786917355796	-0.2719065426367356	-0.032993452862246	0.007997579310764585	0.4369777798936316	-0.02508679150643823	-0.03774142867758808	-0.23140128580639233	-0.08802214078056306	-0.040997731642974856	0.4957556368402051	-0.017502629592997438	0.5073023042580165	-0.10271001374697068	-0.4574786697557672
-0.12599577056862488	-0.18644258105981842	-0.031585729290682256	-0.12608966618562184	-0.15159282620851142	0.26533241905596977	0.2929899907712341	-0.009012596261356188	0.015639955200038688	0.33569072859250754	-0.2864049913110688	-0.13326242781236133	0.38012998274769083	-0.03733572520488213	0.22863199588637262	-0.052191433751435486	-0.13363394501321427	-0.24486737958623672
0.4372509077616341	-0.028814338422719053	-0.15875326206760954	0.39974946732970357	-0.04638604609718795	-0.11147194297458266	-0.258232172410919	-0.1583989640679359	-0.12661344755171627	-0.10610073949795223	0.06493030250097398	0.2375580692816339	-0.09443101023434122	-0.1594266737782881	-0.1392785698246647	-0.1554911784513905	0.42479510284803146	-0.0208855043426696
0.0927890557119733	0.3059757953537946	-0.09718306568753046	0.08555286008669696	0.34497447928102754	-0.22924816361570916	-0.2501053207857685	-0.09829853828960271	-0.08093653839836337	-0.28862265741725784	0.40175778273679824	0.045211277671545515	-0.22669028420844567	-0.08124173781533456	-0.2315424643390782	-0.08289089612944638	0.0671139328417303	0.32338448300297074
-0.1320944906861928	-0.12953640090428772	0.04181943286646514	-0.11226094956819906	-0.12578261536108637	0.09877103163917823	0.05871224832431822	0.004173109048915012	0.040135779981983394	0.23362428316495326	-0.15492035397424148	-0.07658954149781537	0.2204552288383243	0.14230786726935424	0.08213419193294992	0.10629955709539804	-0.10827979949699287	-0.18896857867302422
0.12604062919267386	0.18164878430138304	-0.02237561364098679	0.07426745804417545	0.13943386598661262	-0.1925376825385069	-0.24778048994923887	-0.013041010344241013	-0.024611499569256064	-0.2550594260385457	0.24322893855162217	0.0481226952448494	-0.27379809070376354	-0.038430421067249726	-0.20327429833101737	-0.0013873455001984613	0.0804523224401915	0.3791011839214963
0.3879010292730708	-0.14473381619550407	-0.07811340960648142	0.4050893853474134	-0.09151318350584672	-0.08399722184082759	-0.07074190632759768	-0.07504093520781893	-0.07988764252179781	-0.08800781064543431	-0.11338615730855356	0.1910208294669395	-0.08725895223410983	-0.07421107517819857	-0.07910531746150222	-0.07000032262629129	0.23183707144739094	-0.07985056487485097
-0.20913836650150291	-0.2217699715711818	-0.0854101584384896	-0.19588742136222012	-0.21455602044825278	0.34986223034949987	0.43818022171001547	-0.09697712422149436	-0.12169552496241491	0.5472342031003441	-0.21841558562783708	-0.17683417104146829	0.3338365547584389	-0.0873795989492071	0.49570015806838397	-0.10303592072790174	-0.18348641809736185	-0.25022708603734856
-0.16136405375329882	-0.17600928402927174	-0.03104097108522511	-0.1482063614483326	-0.1686030952820401	0.261908264124153	0.3673968080232119	-0.026337279861779757	0.0044606811951311	0.2946821742126774	-0.19690633455497905	-0.12070304780991387	0.22084152791104547	-0.031803653290781136	0.30408854395468815	-0.03593533520522303	-0.15924336120142052	-0.1972252218986412
0.03220057231097286	0.2869407892191012	-0.061241666186370586	0.011899025333097772	0.178700926927335	-0.10718907558142632	-0.14400419400568315	-0.06261749977131498	-0.3174197800648852	-0.15392499602428217	0.31670239817307777	-0.006762412225509768	-0.11695013581807487	-0.09741621037126674	-0.11750829250670429	-0.06037615368404241	0.02050473573367967	0.3984619685422961
0.1505070697693912	0.2400178538154603	-0.013476927323810516	0.11990518631858034	0.19291733302238936	-0.325112196611226	-0.22857958113294047	0.0006827162242428805	-0.04740302083130875	-0.3573242631284775	0.3312738167694798	0.09524323010236968	-0.3490691700679174	-0.025044884992146292	-0.3768843195389176	-0.0190603541388592	0.12320883042267756	0.4881986813210129
-0.1115303465567237	-0.1447449788450187	-0.048906646956415195	-0.06561932831832616	-0.14434766918159894	0.20645237145570725	0.2287590094279361	-0.033967581437032254	0.032123261358668144	0.22478193428396273	-0.18100344041768132	-0.05094609720443435	0.19547565594569985	-0.01925490983225201	0.30613336873746316	-0.06888691205546842	-0.10156351183206684	-0.22295417857241887
0.19105950699706373	0.20941939196464546	-0.13353020598663495	0.17682215130715218	0.2163020357362451	-0.18030045003413256	-0.18055649968617424	-0.12181313495207657	-0.10859329629460027	-0.16288269864303456	0.27007497144358605	0.013499981270920553	-0.16393522305463482	-0.13485166770457324	-0.18927988264140608	-0.1360393752631922	0.13352930736828386	0.30107508817256234
0.13313042130972935	0.1453719013092251	-0.07904714302104496	0.12011833757510001	0.1466421116505844	-0.13419826327752202	-0.1181733817239757	-0.07000121111976174	-0.15065654823218358	-0.14689961418939926	0.23742647886414736	0.07977871599447964	-0.1275225167766776	-0.07006641530834828	-0.19461644560469488	-0.07845367596920812	0.06036807256532255	0.24679917595422762
0.13246981360063964	0.3149424480627986	-0.12336550583567997	0.07364349059610793	0.3552036377516714	-0.29387628967098645	-0.2998712485885905	-0.15829734992589814	-0.052664316281025414	-0.24443787801319378	0.4834261273488361	0.050913822370177636	-0.23255589857927647	-0.17325436221624327	-0.33723159853794976	-0.09459084460373166	0.07572361303222024	0.5238223394901237
0.12299873674773452	0.13302053634011923	-0.04185128865283014	0.03476426441653516	0.12172269822474614	-0.12677845665177218	-0.14530486688210079	-0.047066223081084636	-0.0013037539179382605	-0.17128609964518984	0.15788639877289481	0.035475731159138844	-0.11994651799248256	-0.04879103387505346	-0.178020392482213	-0.04581257982843866	0.075085128025288	0.24520771932264684
0.12729137075676097	0.3074730539687244	-0.10534537794774983	0.07953753977610682	0.3041930778154632	-0.22416767388137437	-0.26132454795808224	-0.08924735079497832	-0.06213975768177714	-0.22368305130285582	0.3120334283861369	0.06324703428777906	-0.2017963561838531	-0.09022570433681158	-0.2700315625133515	-0.08938380178278496	0.08023631017048644	0.3433333692221614
0.07246427821796764	0.4348710570572107	-0.05490238720460471	0.0643371012442404	0.32986915200429107	-0.34692127464654293	-0.18259909467664123	-0.051297075084839085	-0.08250558805394077	-0.40509998740004916	0.3796502147392095	0.03999707365754892	-0.3156150960650827	-0.05945124360371198	-0.25735281871833454	-0.04701285054612548	0.06185695716176132	0.41971158191764407
0.02942271226437647	0.19962770136245497	-0.02262529731268573	0.012772658867213344	0.22577357596215888	-0.16238655131855537	-0.3238073118398636	-0.017768153720184712	-0.05685831503170816	-0.195066184806703	0.2495823550558935	0.009649871311086446	-0.2057128438779534	-0.017055281820042727	-0.19230429655031764	-0.012234666407818126	0.010221256904604192	0.4687687709580452
-0.20664511871392693	-0.2975239124374645	0.02791705885203065	-0.16183963399614135	-0.2546010178146882	0.3706389055257907	0.3561676286168262	0.01597951096769253	0.005874487534930441	0.4049241393236898	-0.28157678079621307	-0.13667001341473134	0.25606836724020315	0.01792072205045398	0.3928281786360553	0.02189851184511213	-0.1733960006744752	-0.3579650327451432
-0.008422159212143685	0.5445005280053711	-0.04182020813195993	-0.02495097990151959	0.4842285938605407	-0.22350025068230858	-0.2799554001744326	-0.040281723083486855	-0.08942394308861937	-0.2918454968935586	0.2774664168448423	-0.027762179292177346	-0.3098402574353819	-0.036454800907836295	-0.22098228437839612	-0.03877450213726514	-0.024184507761476483	0.3520031543698085
0.3514840402088702	0.14486027033866364	-0.025187570686843495	0.1955990198258729	0.13702159155010057	-0.23161953845706038	-0.18710179429382426	-0.021339200738260632	-0.10245341231580439	-0.23975194685377074	0.08644006230560664	0.12764433587139198	-0.21922948054608446	-0.03276298586811464	-0.2474980373455489	-0.023400755658031427	0.20042834797713754	0.08686705468570058
0.10400464066504692	0.309213552395336	0.03658617254923595	0.08884681171647328	0.2993927431867038	-0.3193234327308907	-0.5171055615593667	0.037978767023223725	-0.005786018221637575	-0.3123806902850617	0.3322024675910866	0.060550800065211706	-0.28020829168960126	0.034273039336526985	-0.6148953941471823	0.037922527540300476	0.07380320745643787	0.6349246591081581
-0.13081643269314888	-0.2124633841136465	0.00420775953866961	-0.09581857698884058	-0.19665473331325392	0.3009824290696468	0.1919895860791727	-0.008879923729878583	-0.007768508166226834	0.26292456673668874	-0.18947992838496644	-0.07319894447077936	0.2810249383010373	-0.019411875365249385	0.25937081662404604	-0.00219628034698866	-0.08633291889217037	-0.2774785898841115
-0.2800933929734003	-0.20840600734428374	-0.02394100180586175	-0.26196485541176234	-0.20163969579739138	0.3050994686957952	0.2029972209782583	-0.018576168454642838	0.21516070412280439	0.20044958363633603	-0.08563582200934543	-0.07366663204808561	0.20963834472379295	-0.02385226225231373	0.2654508305214052	-0.023715611264803274	-0.07801585371802323	-0.11928884959847777
-0.09215582402978205	-0.21022439775624333	-0.0013778674627722726	-0.07791865534110551	-0.2437546000696077	0.1243574062787781	0.3683353304497531	0.009405155133593262	0.25499838848248135	0.15486242121133562	-0.22837031056217358	-0.04732210382343632	0.1292289170684793	0.02356065038556808	0.15308445943878948	-0.002698696549339393	-0.05567760997357736	-0.2583326628807405
0.3185550141653526	-0.06293735105578817	-0.07441240403216874	0.21327853774881922	-0.054220368093401784	-0.09189160378296259	-0.10710117069036086	-0.07271460749509147	-0.10064359314051857	-0.08624068212443464	-0.06512922632002614	0.18502264782053196	-0.08283061159106003	-0.07395696685990141	-0.10443082214038793	-0.07130963029509889	0.3962970096527368	-0.06533417176623951
-0.03326259149691717	0.35791604745494743	-0.11280560654255416	-0.041730686482865445	0.4295500050098253	-0.15542577644817474	-0.245936385047022	-0.11472141105499356	-0.08582890598744337	-0.1880873532677561	0.4098718913310134	-0.03266199851344568	-0.15408319501632575	-0.128021893425241	-0.2036246939585557	-0.11111173677116727	-0.028825037252267132	0.43878932746894284
0.031027855819159886	0.2669999482731361	-0.03031515229734131	0.027055602135408082	0.2386346352740903	-0.22536970018056127	-0.21631163385418645	-0.03846173431075276	-0.029845821069511256	-0.22596792715273192	0.3277400889904197	0.022180935200689204	-0.1921880426302664	-0.04060956119000024	-0.21437624031264682	-0.02494233211407278	0.03412886690711893	0.2906202125120484
-0.1816369043818235	-0.14062237219437418	-0.04463786663131037	-0.1307073158791179	-0.15314832331086864	0.15403398640044266	0.42923331587461644	-0.04215765459976265	0.04292936622523256	0.23037212113188635	-0.12396140286605423	-0.09437372740586165	0.2317268357586141	-0.02741414977711336	0.19987682414681895	-0.05022599455437215	-0.10699594772468449	-0.19229079021226736
-0.13997406823151712	-0.1560769226150622	-0.022762316678909555	-0.13352938499285802	-0.17519474202217442	0.2135908420303856	0.3272366813311051	-0.005620262328643054	-0.04146144264341038	0.2960618637139967	-0.19792967398166603	-0.11785635785979082	0.31990304652928214	0.0052172355627038884	0.24245077085884206	-0.03270013918170097	-0.13042341392312892	-0.2509317155674541
-0.1913725372010711	-0.20013766221940543	-0.05727365593386668	-0.19276701759948936	-0.18963517938779864	0.3623263418658098	0.463159429624733	-0.05210220897499192	-0.022290348563537298	0.4564161451853397	-0.29810274336051595	-0.14991267397023486	0.37128018267039764	-0.06357901398777133	0.3058712066236808	-0.055103742546072	-0.167452687987122	-0.3193238342380832
-0.17851317164375333	-0.15600365128226953	-0.013859001424441523	-0.18581056979835975	-0.14965182518401465	0.21069921845508988	0.25842103924281595	-0.009543716030835073	0.03623336681331577	0.3489270168860463	-0.14758322889836364	-0.10222357655410305	0.16033556325722134	-0.02101872867101155	0.3618442671307506	-0.014419197575295424	-0.1771032060817674	-0.22073059864102432
0.0411980754236211	0.3939649542513145	-0.05169886600392113	0.035938314377444075	0.3913123264475737	-0.28101569039752505	-0.30215238571611674	-0.05409224071889659	-0.0614714274152151	-0.32077494509457005	0.40473094004178567	0.02570623785132124	-0.2420482523839306	-0.0623994057602141	-0.29506343372670457	-0.04535423957781776	0.03018766589960856	0.3930323725022429
0.06227037606559104	0.3842878633376635	-0.03488543899243811	0.0552365927030034	0.3816300163188815	-0.3066205242217979	-0.3141090972748018	-0.0371199603108426	-0.04530503249276781	-0.3432095688366943	0.3943051764278177	0.04538155128250699	-0.26729333073066025	-0.044618820436020244	-0.3391466556204615	-0.028894931008811867	0.053655294417623026	0.3844364893722089
0.027103543362504944	0.27283270830194406	-0.06568322714253107	0.041335736717196064	0.2679372708477349	-0.14964359249780565	-0.133010628209999	-0.06969098606519217	-0.0436846850360597	-0.18771586103380802	0.2666843245288961	-0.008957359622567516	-0.18008609444113058	-0.07536264575615297	-0.1509878518067516	-0.0739799105875474	-0.0007016936213489147	0.2636109520626182
-0.23286312405287438	-0.22356809239980666	0.06940990738662318	-0.174969364595369	-0.21536636775430196	0.3109667876148401	0.3796830060701445	0.0798484583581406	-0.020423301276805365	0.28274087698663647	-0.2794655351215403	-0.16530722848284224	0.2799406148903822	0.09931929035228382	0.2088435320772985	0.0706965397197464	-0.20532820978763863	-0.264157789984917
-0.21950956363910198	-0.14555640853168733	0.022590948884862586	-0.1244588790623566	-0.12167868487818323	0.18494397005466334	0.13623108562214717	0.04328749498738423	0.05920728472391878	0.12689557202135204	-0.16106036428997697	-0.058140396036735736	0.29547921930332605	0.020581848736896294	0.11517872199926889	0.03295714822618137	-0.08179203615639975	-0.1251569619655591
-0.15404381418329247	-0.1826086478823286	-0.16940069444101388	-0.15199925844260603	-0.17674174065048404	0.35370423316123434	0.44832524642229266	-0.16449982929587859	-0.051002822066183416	0.5699520597865512	-0.32911335884905096	-0.1464642808759761	0.436102394837181	-0.16023406453738925	0.5047251107433437	-0.1655533130260516	-0.14591088462400809	-0.31523633607634066
-0.1623602826727847	0.059213533027570674	0.38806085383033967	-0.17148557546636845	0.11136629040402848	-0.14959779009993013	-0.12446323404468454	0.3870755335501219	-0.08630002556228476	-0.20075166367670058	-0.08366929800580032	-0.16451454407122426	-0.1616163538747581	0.441790369839153	-0.1764191339062808	0.3860528385368489	-0.17743042637834508	-0.11495109142889977
-0.05459491447131564	-0.11875667875204243	0.2763100632769474	-0.06878725652403685	-0.08335503791465311	-0.11285062275375206	-0.03918590823335659	0.3304630755608716	-0.3106286550906798	-0.007623583244802929	-0.08538152335052594	-0.06488846391740638	-0.011107126703928803	0.2869368499307107	-0.07942327811447361	0.31731609983170245	-0.07015400105017676	-0.10428903847908179
-0.19749375356172974	-0.30334620171618504	0.09199010662412624	-0.17308789018721824	-0.22143004249376186	0.18490722759576259	0.22098238906620632	0.05931562338443282	0.339433841884306	0.2104252015113793	-0.33604049049220813	-0.11463518542622507	0.16481327683428565	0.06820718887524238	0.20553999750275645	0.1755279728545217	-0.1510390983507034	-0.22407016390498766
-0.14177003000122299	-0.20204021277922335	-0.017322833686457716	-0.12186409112806303	-0.19277842646170848	0.25723466489342994	0.2442443562641113	-0.023760672456871797	-0.029470130207228655	0.31977879447471713	-0.20549366381389905	-0.09740329004606818	0.2993940224939084	-0.0028955194941001085	0.2868635264714294	-0.008825948794595194	-0.11128338878468959	-0.2526071569434682
0.09810105161058187	0.2941523635848603	-0.01953314956122787	0.055550850472899656	0.2578495447914919	-0.22222672275559088	-0.2120750876821651	-0.015258526701691184	-0.0530440225006353	-0.35166069917998477	0.3278101415938984	0.02904704196595957	-0.3134237853354342	-0.05214201091731082	-0.29239203351900245	-0.011729132224977212	0.05083289630811386	0.43014128005021457
0.109026158656052	0.1805511447332036	-0.01861442104859252	0.0970262270151418	0.15764282040698185	-0.21859033771960598	-0.1800108680180937	-0.038392455798970646	0.04824110215955181	-0.24616670038366856	0.20105550284218626	0.09060779775164185	-0.24571244345389837	-0.03893440755171122	-0.2133730129128156	-0.031543458149713474	0.09659860838277978	0.2505887430895315
0.05402505686015552	0.37359584049868433	-0.05635358055603442	0.030818184429558082	0.28974098478942867	-0.22346859579488243	-0.27251957477096644	-0.05523378477155814	-0.11921999663879047	-0.23214596658860828	0.31322374331408404	0.0007210542839877743	-0.20943298931284052	-0.0673700876862452	-0.26033021146691665	-0.056338788881512156	0.04744744551810169	0.4428412667743546
0.15511967448548564	0.300268352539665	-0.10502951332545454	0.0917244865190392	0.28228741535868773	-0.15516973474440965	-0.13514604521700202	-0.0942889589637799	-0.26771415144560645	-0.23579136637708573	0.2998978209303617	0.03237511193150069	-0.18383822709944878	-0.1015945554312272	-0.1606578875193416	-0.1185558655826759	0.05875981111696014	0.33735363282433184
0.1921037970181812	0.15996350664208925	-0.06589037895404999	0.13452931767602078	0.1268799440559913	-0.1250802870203479	-0.1642399554915662	-0.06378693616016182	-0.1320153302819534	-0.1188851660553142	0.11576204660248789	0.07701047614905403	-0.1289353546910526	-0.05953957816253522	-0.12472954434057336	-0.0599498631478186	0.12233700133122288	0.11446630483032588
0.0907188938607145	0.2998083930446727	-0.06274245117391186	0.08032297491433715	0.33122072908820627	-0.13901111183212858	-0.13123926502323086	-0.07095890508040757	-0.09874729119243521	-0.13201875661028256	0.13240828259006301	-0.027485824320177436	-0.13659565480774452	-0.05174395023891481	-0.13426956026866363	-0.0630705112510199	-0.024722838724886002	0.138126847025809
-0.11651058003520733	-0.11801063719402036	-0.037483403717778696	-0.0914920753086712	-0.12187642239879883	0.16535301647826117	0.28748474975866417	-0.038854322556411955	0.024523032784508344	0.20075502983581625	-0.12031434272969725	-0.08946652009960636	0.13772240520434478	-0.03393082568995196	0.25551805555235957	-0.03820743845467058	-0.08177297263015725	-0.18343674879898306
0.13245074238349103	0.21280699336121361	-0.16797081367294328	0.09464139688189611	0.19997919079218532	-0.12627715817113044	-0.11860236420795509	-0.1742129951840141	-0.04246515239639796	-0.24710964043410324	0.3857564343566185	0.07429753278496269	-0.16790548158134544	-0.2082881119551768	-0.27181664582288334	-0.14839975927632085	0.10086325099890309	0.4722525811430003
-0.1455082476006532	-0.18472690871768152	-0.0693739215137625	-0.13311084341060783	-0.16220122121799346	0.3364655672233925	0.36723679418313415	-0.07044154014697947	-0.08183319641121124	0.26449374950811877	-0.161471121780795	-0.12682770056930684	0.3630915146378509	-0.07523408730550993	0.2933813963214049	-0.07343243004371051	-0.13355856799281862	-0.20694923516287125
-0.22020521296948478	-0.16402189655902466	0.311961920657479	-0.1744242611015383	-0.15763398094819783	0.08579406187275886	0.07364455753289542	0.3150257742661265	-0.13377441469698167	0.03406555657749966	-0.1992125612712542	-0.15709250272006073	0.0744140156840156	0.31645342553984696	0.09748402546416796	0.3021638729797529	-0.16074594527834232	-0.24389643502965785
0.09465567759467343	0.04578356619981341	-0.13694651345219427	0.05599540250120275	0.040114807402944236	-0.07268810611310784	-0.07754548851775799	-0.13764988307834772	0.4093812937050932	-0.0893082834652039	0.04221471212289367	0.021244334359332352	-0.08911220855842697	-0.0486271044532108	-0.07443449306722533	-0.08211231404036794	0.049037780281149634	0.04999682057874038
-0.15657900733031835	-0.20627181079292456	-0.08835812223022022	-0.14337697893559856	-0.18133271220113	0.35794860279082213	0.3083110730913258	-0.09400813152196513	-0.08859268420913212	0.4490631537548328	-0.18120833126844593	-0.12808984187442382	0.394436757651765	-0.08309222224320875	0.31110608627303143	-0.0912594041131497	-0.13777303624833212	-0.2409233905929283
-0.07310555684328968	-0.0933929984695763	-0.018030307034306508	-0.0644340479952638	-0.08671478395756628	-0.024801543481555288	-0.011631055071225587	-0.018382199699759526	0.796513395454999	-0.01230577030929086	-0.07903093303977678	-0.06156576325636635	-0.012649930618401592	-0.035657167538479535	-0.005466884321834217	-0.028589710243111827	-0.06560056064443569	-0.10515418293075887
-0.27378307951128344	-0.15729998315939947	-0.1700588098435846	-0.2553194518137235	-0.158730753677668	0.26099830137917457	0.2789269834172291	-0.17402412388964375	0.093165508236393	0.39535904333970895	-0.0823329567275069	-0.04067310980406773	0.34561943054570166	-0.17779092318547865	0.4976195440430513	-0.16285182049762517	-0.06975110530931185	-0.14907269354196645
-0.09203332471598275	0.26823711539089384	-0.10899056965811736	-0.06987791864659511	0.22241147678074633	-0.11765541711251776	-0.1731418612073573	-0.10735974920448638	-0.06779485582386847	-0.18321044385067875	0.39527556668975833	-0.026329188656776904	-0.13621368222918678	-0.109083489636984	-0.1323063683562338	-0.10148546559705701	-0.028079140428257366	0.5676373162627014
0.2687136546839705	0.07948858635281644	-0.07952132409296442	0.2424921432445412	0.07843047533725926	-0.15636392817614278	-0.1626649226903738	-0.0823386991222415	-0.1471337308279013	-0.17240362742571963	0.11886642009160309	0.18079158027090464	-0.18461577712746974	-0.08407468664527541	-0.13348962726347902	-0.07609362607567666	0.26251064671770763	0.04740644274844187
-0.15285901856068176	-0.1429208719363394	-0.0620064600211822	-0.12200645119219317	-0.1474990679584356	0.3186293931218109	0.18479492063472314	-0.07051570960798509	0.032992407427075904	0.2480887313203874	-0.13136420194882492	-0.08594939112475834	0.20429219931811565	-0.08085839104038439	0.27377818876006804	-0.07000322357057623	-0.10094858101053407	-0.09564447261028629
-0.24909829045389945	-0.31859556115486953	-0.013985279031437137	-0.21278892464325244	-0.29686937516054607	0.4545811751642867	0.4005271007856324	-0.024753576628349986	-0.04085054527978371	0.4440910321885273	-0.3957596216346638	-0.10752228066112811	0.36027286999551267	-0.02181972883318834	0.5532252480342058	-0.039174031841332606	-0.14690236780588678	-0.3445778430398265
0.024074665741783158	0.20502346734316132	-0.0066029831981969786	0.03648876109346607	0.22113555699483545	-0.17934187789283426	-0.17640589798600256	-0.002796589910013797	-0.05373436321678649	-0.24055828392107842	0.2549656805002426	0.028665794834633992	-0.1999736619031886	0.0029150950706349735	-0.18283767612529048	-0.006090908310926687	0.033828255309468654	0.2412449655760925
0.03798903729205948	0.1765999949327142	-0.07929797212579173	0.04160345193331268	0.16416627056489547	-0.13208833774699802	-0.12137464529537254	-0.04910796884392558	-0.045841831510240245	-0.21273203016254344	0.21848784488738662	0.02777720977132222	-0.19858359422178626	-0.08281930108604159	-0.13109561827157665	-0.06093460596433016	0.04050074793361597	0.40675134791329953
-0.1448680480240583	-0.13284251730317642	-0.041264767797331244	-0.21052937792908	-0.12870889874809788	0.24257820062572225	0.2224884784129705	-0.030737033092808654	0.0711872955718884	0.225144639597266	-0.152654884384926	-0.08463121374065359	0.2040225250277833	-0.015030607778118106	0.23489246616490886	-0.034568265798546986	-0.05524571967867644	-0.16923227112506598
-0.06527861415979304	-0.09147401239347362	-0.2517171533836452	-0.042819953433098606	-0.0601426906086623	0.29538245675731345	0.21837192503512803	-0.2745796850054602	7.455406198876289e-06	0.4122264528962572	-0.1376308751693595	-0.02727710386516488	0.3017820644703318	-0.26333989191511575	0.4492710461255517	-0.2570371226285835	-0.044081714692446324	-0.16166258343597847
-0.15920337361929346	-0.19476724294561118	-0.02527961121979726	-0.1220240247441448	-0.17581916757337768	0.2191960817630632	0.1818560157546691	-0.04360398738080133	-0.05415113036787514	0.4257469135127734	-0.21700035639283557	-0.1127792694939774	0.2857486739235969	-0.02701522707880837	0.35541840314976086	-0.014057038951813922	-0.11555582520266602	-0.20670983313286126
0.060296295143864295	0.22834285781759242	-0.1289446867818979	0.021836379989122315	0.27904797420112454	-0.17225481118433877	-0.1806867596586098	-0.12175433310572777	-0.06625912812620752	-0.18095553439545858	0.24481174152694318	-0.00031551848278564093	-0.170515951939936	-0.13307333725901999	-0.17488203509694794	-0.12078705800156053	0.013268263490812834	0.6028256418630313
0.04011770671966948	0.5478356897499272	-0.10200401156009935	0.024226955077360852	0.407247058933197	-0.3529841778950721	-0.37686023933704205	-0.1534005641600719	-0.07680529384584509	-0.3933389614717742	0.529980058685625	0.019512539164531308	-0.34454696176677074	-0.19921557674699028	-0.38476744397714446	-0.11429166004881341	0.029464624394223943	0.8998302580850889
0.006503732554265762	0.3356073927093152	-0.12396006350885903	-0.017722503760691753	0.2821606650770944	-0.12664621784220806	-0.15625160045790987	-0.11253639075197348	-0.11110927618441035	-0.18978631016550504	0.3569195488846663	-0.012310595519295205	-0.17371380345073076	-0.08745198689958514	-0.1382230754911602	-0.0953593946189205	-0.019074226556339363	0.382954105982247
0.3693630024531021	0.038327850009466535	-0.030372930999755014	0.28344252158099403	0.026268994053511636	-0.162595761868439	-0.16780130974493954	-0.030040449754775086	-0.06924951127579385	-0.20190098617725089	0.030660469053572767	0.09250885858328557	-0.14613226313050423	-0.025882231497275407	-0.13383587279778475	-0.028355905168487613	0.12102156119538965	0.0345739654856827
-0.09256135674482051	-0.07083705960218453	0.4426948646648697	-0.10059558505483071	-0.06403006836983055	-0.184252505099623	-0.08305583579923946	0.4222387421055149	-0.07483555977502997	-0.20373106010901695	-0.13599707734502303	-0.11061884926963136	-0.1833776025556743	0.41673885761740526	-0.19193106544944058	0.45856505987719937	-0.11589819579343157	-0.12851570329721151
0.0438838826692809	0.460009688954542	-0.1603077929821721	0.11844120445812918	0.4723130077911821	-0.16937317412131084	-0.18274290889845202	-0.1655298362676208	-0.2047337875254112	-0.2700756841721244	0.4491706660080141	-0.08642701600780422	-0.2237325332893686	-0.16065365504913082	-0.22964422676389104	-0.16711189595672754	-0.03294402430714171	0.5094580854600079
-0.07046582109860201	-0.0979344835911847	-0.15677776863819753	-0.04939686852920576	-0.08906360480038875	0.023763851450882986	-0.011226158092384265	-0.11073512465038356	0.5888812711003935	0.09600735610266886	-0.09193491912904568	-0.027366412453213654	0.06150455331209256	-0.11231071405461047	0.29301201609666494	-0.12203667141265752	0.01636528692745038	-0.14028578854027884
-0.13506972454308067	-0.21034413724812923	-0.016936680646047367	-0.1412501947949979	-0.2159527609624324	0.2952467997399906	0.2950383779153856	0.0057623208087373735	-0.004978334617037616	0.33373542177714055	-0.2183641868258895	-0.10365235743304134	0.2547443837171852	-0.010105172642848126	0.3480574012867812	-0.012113433264504132	-0.1193497974156152	-0.3444679248515967
0.20127002052828744	0.2974446303109234	-0.07646455300588202	0.19800953934503626	0.27475554184265794	-0.2941276661443244	-0.37100020047711463	-0.07389175805973303	-0.16734406918514774	-0.318299094922748	0.4443685251793269	0.12941296733015611	-0.26773404455468836	-0.0724773417900179	-0.4186695065305722	-0.07204721617508698	0.18938387666245848	0.39741034964646904
0.027619827050886104	0.25452311793131815	-0.10653838399364253	0.00039571690209614307	0.23430606012043043	-0.20890969479328927	-0.18481292990762274	-0.09190243007540086	-0.0664275907392566	-0.28485841375800675	0.3619060757595452	-0.0047966831108916495	-0.1699220681504711	-0.09247836432358704	-0.236413337709203	-0.08018459670351462	0.002935235538575059	0.6455584599620349
-0.23960710867895152	-0.22398031097814144	0.46498336742193097	-0.2108075857648901	-0.17489863005860895	-0.03152251308712973	0.14089896497854526	0.4498058521052943	-0.0886080840463455	-0.04001579026965715	-0.2626345208821585	-0.14724365643825993	-0.058269269677453196	0.45958316732318716	-0.03957668746094867	0.42444687341868514	-0.16104193186584223	-0.2615121360392558
-0.16369790013486707	0.22062817142556365	-0.1301219020508558	-0.14261534227206335	0.29275611778305055	-0.02603367361107116	-0.07337063520354518	-0.12419471851994023	-0.0320303805455385	-0.02851599173247834	0.5337292826830716	-0.07240508832177536	-0.024496138775601178	-0.1306481164559574	-0.042076986831719364	-0.12502704489404573	-0.18160326255507456	0.24972361001284704
-0.25845312357582295	-0.06847232106722347	0.006345825786498839	-0.17216835651197845	-0.08208541724527076	0.15068533917355545	0.3377922399830562	0.002407041839379801	0.026064360556089974	0.22909365185651978	-0.09304095293875801	-0.10895098704782896	0.17390978849560143	0.02028915950261957	0.15615014431102417	0.0009053306087456993	-0.20675748172608213	-0.11371424200012585
0.10017510125965143	0.24377937624248006	-0.013133981540022037	0.0674889139900237	0.17424957563187604	-0.22748349298343173	-0.17865386274374023	-0.01600247898878217	-0.02248234465114563	-0.1516900484424438	0.22114746673880045	0.027835549552666216	-0.22776337423548906	-0.009553169514505218	-0.2345325697707849	-0.010475347559909655	0.06355449611652671	0.19354019089823
-0.24656117191357427	-0.21780552109010598	0.0329074903725786	-0.05114139436006727	-0.1838611602669849	0.1267561787129536	0.19638578859042174	0.03724290018206798	0.08398085378798749	0.27379637946440843	-0.16112402839877182	-0.002922663291891474	0.13131981770284812	0.032386435206253936	0.17717780243124034	0.03426813088390245	-0.03183191640396598	-0.23097392160930083
-0.00900135650289167	0.33377919418658897	-0.0928822797583059	-0.011411176303612484	0.37213786644859675	-0.1922288747623466	-0.13993979179041094	-0.09060745736124971	-0.08561585658576544	-0.24402982988028155	0.3515254759011305	-0.024649452733840747	-0.19374110409291595	-0.09501405238730472	-0.20657103309400313	-0.10461947367648829	-0.023501540386681213	0.45637074277978246
0.04614202034342575	0.19810537012505516	-0.01844642420944692	0.044113589087576364	0.17027544930076915	-0.22536967009771744	-0.22573522670083176	-0.019340717338673992	-0.04008571660761247	-0.3101372695882466	0.44050259202683084	0.04665153475765135	-0.24122059318553818	-0.0183242495087714	-0.3412673604188539	-0.015798082134759507	0.05543875431746607	0.4544959998316778
-0.11602771785748064	-0.1442064769539178	0.008556498778431046	-0.10124316153204385	-0.13506604542631837	0.20649369760549208	0.18609842104877622	-0.005852648344884782	0.008955113369817148	0.2069973554220919	-0.16861825529807303	-0.09108108141060911	0.19850083907162774	-0.0033790996745807107	0.29193237917636666	0.0044940822743610356	-0.10051117758141931	-0.24604272266763624
